<response>
<lcd>
	<addr>~lcd_addr~</addr>
	<len>~lcd_len~</len>
	<nstr>~lcd_nstr~</nstr>
	<pstr>~lcd_pstr~</pstr>
	<dp>~lcd_dp~</dp>
	<str1>~lcd_str1~</str1>
	<str2>~lcd_str2~</str2>
	<l0>~lcd_l0~</l0>
	<l1>~lcd_l1~</l1>
	<l2>~lcd_l2~</l2>
	<l3>~lcd_l3~</l3>
	<l4>~lcd_l4~</l4>
	<l5>~lcd_l5~</l5>
	<l6>~lcd_l6~</l6>
	<l7>~lcd_l7~</l7>
	<l8>~lcd_l8~</l8>
	<l9>~lcd_l9~</l9>
	<l10>~lcd_l10~</l10>
	<l11>~lcd_l11~</l11>
	<l12>~lcd_l12~</l12>
	<l13>~lcd_l13~</l13>
	<l14>~lcd_l14~</l14>
	<l15>~lcd_l15~</l15>
	<l16>~lcd_l16~</l16>
	<l17>~lcd_l17~</l17>
	<l18>~lcd_l18~</l18>
	<l19>~lcd_l19~</l19>
<l20>~lcd_l20~</l20>
<l21>~lcd_l21~</l21>
<l22>~lcd_l22~</l22>
<l23>~lcd_l23~</l23>
<l24>~lcd_l24~</l24>
<l25>~lcd_l25~</l25>
<l26>~lcd_l26~</l26>
<l27>~lcd_l27~</l27>
<l28>~lcd_l28~</l28>
<l29>~lcd_l29~</l29>
	
	<nd>~lcd_nd~</nd>

	
</lcd>

</response>